{
    "encoding": "UTF-8",
    "algorithm": "sha256",
    "data": [
        {
            "checksum": "a86eaaa1941257c3ad96e4e9ceb81f4b9de15906e8a6721c2cf7c55a5db3cc4b",
            "path": "data/ficha-pri-avaliacao2020.xml"
        },
        {
            "checksum": "90b04990bf225c46c9f62afeaa5b074fa42fbdea0490fb49c2e201d43d0d3243",
            "path": "data/prc2021-ficha-aferic\u0327a\u0303o.xml"
        },
        {
            "checksum": "61afece643d8d8daca07fcb0d09bf9709da3ed6aaa943f255d1476c37829f066",
            "path": "data/pl2015-ficha2.xml"
        }
    ]
}