{
    "encoding": "UTF-8",
    "algorithm": "sha256",
    "data": [
        {
            "checksum": "907a98d80154de5b554b65c62f074376440a6e71e6aee8fa43820d5b16616f0b",
            "path": "data/erlang-intro-en.pdf"
        },
        {
            "checksum": "c8dbe0872522184d5123f48b8a55a9fd518e0ca9831747332b8182ec35369a89",
            "path": "data/01-even.pdf"
        },
        {
            "checksum": "5ea272b377d684870c91aedf58469f947135c9daaefb0cd6f87f97b87e9024b0",
            "path": "data/erlang-conc-en.pdf"
        }
    ]
}