<?xml version="1.0" encoding="UTF-8"?>
<AulaPrática xmlns:xsi="http://www.w3.org/2001/XMLSchema-instance" xsi:noNamespaceSchemaLocation="aulaP.xsd" id="pri2020-e1">
  <meta>
    <disciplina>Processamento e Representação da Informação (MIEI)</disciplina>
    <datas>
      <data tipo="criac.">2019-02-13</data>
    </datas>
    <objectivos>
      <para>O objectivo principal desta ficha é testar os conhecimentos obtidos durante as aulas no desenvolvimento de aplicações Web e outras tarefas
        afins.</para>
      <para>Os resultados finais deverão ser enviados ao docente da seguinte forma:<lista>
          <item>Enviar por email para: <kw>jcr@di.uminho.pt</kw></item>
          <item>Colocar no subject/assunto: <kw>PRI2019::Teste::Axxxxx</kw></item>
          <item>Em que Axxxxx corresponde ao número do aluno;</item>
          <item>Enviar um PR.xml onde descreve o que fez e inclui os 2 pontos seguintes;</item>
          <item>Enviar link do GitHub onde guardou os ficheiros de resolução;</item>
          <item>Para os exercícios em que recorrer a mais do que um servidor, por exemplo, servidor node e servidor Mongo, explique como se pode
            colocar a funcionar a sua App.</item>
        </lista></para>
    </objectivos>
    <recursos>
      <documento url="http://www.di.uminho.pt/~jcr/Transfers/datasets/jcrpubs.json">Lista de publicações do JCR.</documento>
    </recursos>
  </meta>
  <corpo>
    <exercício>
      <título>Publicações do JCR</título>
      <enunciado>
        <para>Considere o dataset contendo as publicações de JCR disponibilizado em cima.</para>

        <para>Neste exercício, terás de:</para>
        <alíneas>
          <alínea>Criar um servidor nodejs que dê suporte à seguinte API de dados (note que não é necessário qualquer interface web):<lista>
              <item><kw>GET /api/pubs</kw> - Devolve a lista de publicações apenas com os campos "id", "title", "year" e "type";</item>
              <item><kw>GET /api/pubs/:id</kw> - Devolve a informação completa de uma publicação;</item>
              <item><kw>GET /api/types</kw> - Devolve a lista de tipos, sem repetições;</item>
              <item><kw>GET /api/pubs?type=YYY</kw> - Devolve a lista de publicações que tenham o campo "type" com o valor "YYY";</item>
              <item><kw>GET /api/pubs?type=YYY&amp;year=AAAA</kw> - Devolve a lista de publicações que tenham o campo "type" com o valor "YYY" e o
                campo "year" com um valor superior a "AAAA";</item>
              <item><kw>GET /api/autores</kw> - Devolve uma lista ordenada alfabeticamente com os nome dos autores ;</item>
              <item><kw>GET /api/pubs?autor=AAA</kw> - Devolve uma lista com as publicações do autor.</item>
            </lista></alínea>
        </alíneas>
        <para>No PR, indique como fez a persistência dos dados e se optou pelo MongoDB, explique como importou o dataset.</para>
      </enunciado>
    </exercício>

    <exercício>
      <título>CLAV: Classificação e Avaliação da Informação Pública</título>
      <enunciado>
        <para>A CLAV é uma plataforma em desenvolvimento no DI/UM em parceria e sob encomenda da Direção Geral do Livro, Arquivos e Bibliotecas
          (DGLAB) que visa a classificação e a avaliação de toda a documentação circulante na administração pública portuguesa.</para>
        <para>Uma das faces visíveis do projeto é o catálogo dos processos da administração pública portuguesa, designado por Lista Consolidada.
          Juntamente com este catálogo há outros: o catálogo legislativo, que contem as entidades da Administração Pública Portuguesa, o catálogo das
          tipologias, que contem a lista de agrupamentos de entidades, e o catálogo legislativo, que contem a lista de diplomas legislativos que
          regulam os processos.</para>
        <para>Já se encontra disponível para consulta online: <xref url="http://clav.dglab.gov.pt">site oficial</xref> A respetiva API de dados e
          respetiva documentação encontra-se acessível em: <xref url="http://clav-api.dglab.gov.pt/docs">API de dados</xref>.</para>
        <para>Para user a API poderás usar a <xref url="http://www.di.uminho.pt/~jcr/Transfers/apikey.txt">APIKEY disponibilizada</xref>, exemplo:
          <kw>http://clav-api.dglab.gov.pt/api/tipologias?apikey=...</kw></para>
        <para>É sobre o catálogo de tipologias que irás desenvolver este exercício.</para>
        <para>A API de dados disponível contem entre outras as seguintes possibilidades:<lista>
            <item><kw>GET http://clav-api.dglab.gov.pt/api/tipologias</kw> - Devolve a lista de tipologias com várias opções de configuração;</item>
            <item><kw>GET http://clav-api.dglab.gov.pt/api/tipologias/{id}</kw> - Devolve a informação de uma tipologia com identificador igual a
              id;</item>
            <item><kw>GET http://clav-api.dglab.gov.pt/api/tipologias/{id}/elementos</kw> - Devolve a lista de entidades pertencentes à
              tipologia;</item>
            <item><kw>GET http://clav-api.dglab.gov.pt/api/tipologias/{id}/intervencao/dono</kw> - Devolve a lista de processos de que a tipologia é
              dona;</item>
            <item><kw>GET http://clav-api.dglab.gov.pt/api/entidades/{id}</kw> - Devolve toda a informação de uma entidade;</item>
            <item><kw>GET http://clav-api.dglab.gov.pt/api/entidades/{id}/tipologias</kw> - Devolve as tipologias a que uma entidade pertence.</item>
          </lista></para>
        <para>Desenvolve então as seguintes alíneas:</para>
        <alíneas>
          <alínea>Testa a API de dados com o Postman ou diretamente no link da API e dá resposta às seguintes questões:<lista>
              <item>Quantos Tipologias estão catalogadas?</item>
              <item>Quantos Entidades pertencem à Tipologia <kw>tip_FSS</kw>?</item>
              <item>Em que processos a tipologia <kw>tip_FA</kw> participa como <kw>Comunicador</kw>?</item>
              <item>A que tipologias pertence a entidade <kw>ent_SEF</kw>?</item>
            </lista></alínea>
        </alíneas>
        <para>Depois deste <realce>"aquecimento"</realce>, desenvolve uma aplicação em nodejs que permita navegar nesta estrutura de tipologias e
          entidades:</para>
        <alíneas>
          <alínea>Na página inicial, para além de um título e outra informação de contexto, deverá aparecer a lista de tipologias;</alínea>
          <alínea>Todos os campos de informação com códigos de entidades, tipologias ou outros devem ser transformados em links com as chamadas à API
            respetivas;</alínea>
          <alínea>Na página de cada tipologia, deve ser mostrada a informação base da tipologia, a lista de entidades de que é composta, os processos
            em que é dona e os processos em que é participante;</alínea>
          <alínea>Em todas as páginas deverá haver um link para voltar à página inicial e outro para a página anterior (nos casos em que
            justifique);</alínea>
          <alínea>Usa a tua imaginação e criatividade...</alínea>
        </alíneas>
      </enunciado>
    </exercício>
  </corpo>
</AulaPrática>
